name,agent,agency,source,as_of
Aaron Gordon,Calvin Andrews,Klutch Sports Management,hoopshype,2026-06
Aaron Holiday,Jason Glushon,Glushon Sports Management,hoopshype,2026-06
Aaron Nesmith,Jeff Schwartz,Excel Sports Management,hoopshype,2026-06
Aaron Nesmith,Mike Lindeman,Excel Sports Management,hoopshype,2026-06
Aaron Wiggins,Austin Brown,Creative Artists Agency,hoopshype,2026-06
Ace Bailey,Daniel Green,GSE Worldwide,hoopshype,2026-06
Ace Bailey,Omar Cooper,Lifestyle Sports Agency,hoopshype,2026-06
Adama-Alpha Bal,Yann Balikouzou,Independent Sports and Entertainment,hoopshype,2026-06
Adem Bona,Sam Permut,Roc Nation Sports,hoopshype,2026-06
Adou Thiero,Calvin Andrews,Klutch Sports Management,hoopshype,2026-06
Adou Thiero,Lucas Newton,Klutch Sports Management,hoopshype,2026-06
Adou Thiero,Rich Paul,Klutch Sports Management,hoopshype,2026-06
AJ Green,Matt Bollero,ProMondo Sports,hoopshype,2026-06
AJ Johnson,Bill Duffy,WME Sports,hoopshype,2026-06
AJ Lawson,Mike Simonetta,Life Sports Agency,hoopshype,2026-06
AJ Lawson,Todd Ramasar,Life Sports Agency,hoopshype,2026-06
Ajay Mitchell,Mike Simonetta,Life Sports Agency,hoopshype,2026-06
Ajay Mitchell,Todd Ramasar,Life Sports Agency,hoopshype,2026-06
Al Horford,Jason Glushon,Glushon Sports Management,hoopshype,2026-06
Alex Antetokounmpo,Alex Saratsis,Octagon Athlete Representation,hoopshype,2026-06
Alex Caruso,Greg Lawrence,Wasserman,hoopshype,2026-06
Alex Sarr,Bill Duffy,WME Sports,hoopshype,2026-06
Alijah Martin,Jaafar Choufani,Life Sports Agency,hoopshype,2026-06
Alijah Martin,Todd Ramasar,Life Sports Agency,hoopshype,2026-06
Alondes Williams,Daniel Hazan,Hazan Sports Management Group Inc,hoopshype,2026-06
Alperen Sengun,Jeff Schwartz,Excel Sports Management,hoopshype,2026-06
Alperen Sengun,Sean Kennedy,Excel Sports Management,hoopshype,2026-06
Amari Williams,George Langberg,GSL,hoopshype,2026-06
Amen Thompson,Troy Thompson,G.A.P.P. Sports Group,hoopshype,2026-06
Amir Coffey,Bill Duffy,WME Sports,hoopshype,2026-06
Andre Drummond,Joel Bell,Bell Management,hoopshype,2026-06
Andre Jackson Jr,Drew Gross,Roc Nation Sports,hoopshype,2026-06
Andrew Nembhard,Jaafar Choufani,Life Sports Agency,hoopshype,2026-06
Andrew Nembhard,Todd Ramasar,Life Sports Agency,hoopshype,2026-06
Andrew Wiggins,Andrew Morrison,Creative Artists Agency,hoopshype,2026-06
Andrew Wiggins,Steve Heumann,Creative Artists Agency,hoopshype,2026-06
Anfernee Simons,Bill Duffy,WME Sports,hoopshype,2026-06
Anthony Black,Justin Haynes,WME Sports,hoopshype,2026-06
Anthony Davis,Rich Paul,Klutch Sports Management,hoopshype,2026-06
Anthony Edwards,Bill Duffy,WME Sports,hoopshype,2026-06
Anthony Gill,Sean Kennedy,Excel Sports Management,hoopshype,2026-06
Ariel Hukporti,Jason Ranne,Wasserman,hoopshype,2026-06
Ariel Hukporti,Joe Smith,Wasserman,hoopshype,2026-06
Ariel Hukporti,Tadas Bulotas,Wasserman,hoopshype,2026-06
Ariel Hukporti,Thaddeus Foucher,Wasserman,hoopshype,2026-06
Asa Newell,James Dunleavy,Excel Sports Management,hoopshype,2026-06
Asa Newell,Max Lipsett,Excel Sports Management,hoopshype,2026-06
Ausar Thompson,Troy Thompson,G.A.P.P. Sports Group,hoopshype,2026-06
Austin Reaves,Aaron Reilly,AMR Agency,hoopshype,2026-06
Austin Reaves,Reggie Berry,AMR Agency,hoopshype,2026-06
Ayo Dosunmu,Jeff Schwartz,Excel Sports Management,hoopshype,2026-06
Ayo Dosunmu,Mike Lindeman,Excel Sports Management,hoopshype,2026-06
Bam Adebayo,Alex Saratsis,Octagon Athlete Representation,hoopshype,2026-06
Baylor Scheierman,Kyle McAlarney,Priority Sports & Entertainment,hoopshype,2026-06
Baylor Scheierman,Mark Bartelstein,Priority Sports & Entertainment,hoopshype,2026-06
Ben Saraf,Austin Brown,Creative Artists Agency,hoopshype,2026-06
Ben Saraf,Maxwell Saidman,Creative Artists Agency,hoopshype,2026-06
Ben Sheppard,George Langberg,GSL,hoopshype,2026-06
Ben Sheppard,Jason Glushon,Glushon Sports Management,hoopshype,2026-06
Bennedict Mathurin,Nima Namakian,Innovate Sports,hoopshype,2026-06
Bilal Coulibaly,Bouna Ndiaye,Comsport,hoopshype,2026-06
Bismack Biyombo,Jason Ranne,Wasserman,hoopshype,2026-06
Blake Hinson,Paolo Zamorano,Gersh Sports,hoopshype,2026-06
Blake Wesley,Aaron Mintz,Creative Artists Agency,hoopshype,2026-06
Blake Wesley,Dave Spahn,Creative Artists Agency,hoopshype,2026-06
Bobby Portis,Mark Bartelstein,Priority Sports & Entertainment,hoopshype,2026-06
Bobby Portis,Reggie Brown,Priority Sports & Entertainment,hoopshype,2026-06
Bobi Klintman,Max Lipsett,Excel Sports Management,hoopshype,2026-06
Bobi Klintman,Michael Tellem,Excel Sports Management,hoopshype,2026-06
Bogdan Bogdanovic,Aleksander Raskovic,Wasserman,hoopshype,2026-06
Bogdan Bogdanovic,Jason Ranne,Wasserman,hoopshype,2026-06
Bones Hyland,Austin Walton,NEXT Sports,hoopshype,2026-06
Bradley Beal,Mark Bartelstein,Priority Sports & Entertainment,hoopshype,2026-06
Bradley Beal,Reggie Brown,Priority Sports & Entertainment,hoopshype,2026-06
Branden Carlson,Ross Aroyo,Priority Sports & Entertainment,hoopshype,2026-06
Brandin Podziemski,Bill Duffy,WME Sports,hoopshype,2026-06
Brandin Podziemski,David Mondress,WME Sports,hoopshype,2026-06
Brandon Clarke,Andy Shiffman,Priority Sports & Entertainment,hoopshype,2026-06
Brandon Clarke,Mark Bartelstein,Priority Sports & Entertainment,hoopshype,2026-06
Brandon Ingram,Mike George,Klutch Sports Management,hoopshype,2026-06
Brandon Ingram,Rich Paul,Klutch Sports Management,hoopshype,2026-06
Brandon Ingram,Shayaun Saee,Klutch Sports Management,hoopshype,2026-06
Brandon Miller,AJ Vaynerchuk,VaynerSports,hoopshype,2026-06
Brandon Williams,Derek Lafayette,Derek Lafayette,hoopshype,2026-06
Brice Sensabaugh,Jelani Floyd,Wasserman,hoopshype,2026-06
Brice Sensabaugh,Joe Smith,Wasserman,hoopshype,2026-06
Brice Sensabaugh,Thaddeus Foucher,Wasserman,hoopshype,2026-06
Bronny James,Rich Paul,Klutch Sports Management,hoopshype,2026-06
Brook Lopez,Darren 'Mats' Matsubara,Wasserman,hoopshype,2026-06
Brooks Barnhizer,George Langberg,GSL,hoopshype,2026-06
Bruce Brown,Steve Heumann,Creative Artists Agency,hoopshype,2026-06
Bruce Brown,Ty Sullivan,Creative Artists Agency,hoopshype,2026-06
Bryce McGowens,Kyle McAlarney,Priority Sports & Entertainment,hoopshype,2026-06
Bryce McGowens,Mark Bartelstein,Priority Sports & Entertainment,hoopshype,2026-06
Buddy Boeheim,Drew Gross,Roc Nation Sports,hoopshype,2026-06
Buddy Boeheim,Sam Permut,Roc Nation Sports,hoopshype,2026-06
Buddy Hield,Diana Day,Icona Agency,hoopshype,2026-06
Buddy Hield,EJ Kusnyer,Icona Agency,hoopshype,2026-06
Cade Cunningham,James Dunleavy,Excel Sports Management,hoopshype,2026-06
Cade Cunningham,Jeff Schwartz,Excel Sports Management,hoopshype,2026-06
Caleb Houstan,Jason Glushon,Glushon Sports Management,hoopshype,2026-06
Caleb Love,Mark Bartelstein,Priority Sports & Entertainment,hoopshype,2026-06
Caleb Martin,Austin Brown,Creative Artists Agency,hoopshype,2026-06
Caleb Martin,Maxwell Saidman,Creative Artists Agency,hoopshype,2026-06
Cam Christie,Kevin Bradbury,REP1,hoopshype,2026-06
Cam Spencer,Mark Bartelstein,Priority Sports & Entertainment,hoopshype,2026-06
Cam Spencer,Ross Aroyo,Priority Sports & Entertainment,hoopshype,2026-06
Cam Thomas,Thaddeus Foucher,Wasserman,hoopshype,2026-06
Cameron Johnson,Melvin Booker,Creative Artists Agency,hoopshype,2026-06
Cameron Johnson,Steve Heumann,Creative Artists Agency,hoopshype,2026-06
Cameron Johnson,Ty Sullivan,Creative Artists Agency,hoopshype,2026-06
Cameron Payne,Jason Glushon,Glushon Sports Management,hoopshype,2026-06
Cameron Whitmore,Bill Duffy,WME Sports,hoopshype,2026-06
Cameron Whitmore,David Mondress,WME Sports,hoopshype,2026-06
Caris LeVert,Austin Brown,Creative Artists Agency,hoopshype,2026-06
Carlton Carrington,Anthony Fields,Klutch Sports Management,hoopshype,2026-06
Carlton Carrington,Rich Paul,Klutch Sports Management,hoopshype,2026-06
Carter Bryant,Joe Smith,Wasserman,hoopshype,2026-06
Carter Bryant,Thaddeus Foucher,Wasserman,hoopshype,2026-06
Cason Wallace,Jeff Schwartz,Excel Sports Management,hoopshype,2026-06
Cason Wallace,Marcus Monk,Excel Sports Management,hoopshype,2026-06
Cason Wallace,Max Lipsett,Excel Sports Management,hoopshype,2026-06
Cedric Coward,Todd Ramasar,Life Sports Agency,hoopshype,2026-06
Charles Bassey,Adie von Gontard,Young Money APAA Sports & Entertainment,hoopshype,2026-06
Chaz Lanier,Deirunas Visockas,Gersh Sports,hoopshype,2026-06
Chet Holmgren,Bill Duffy,WME Sports,hoopshype,2026-06
Chris Boucher,Sam Permut,Roc Nation Sports,hoopshype,2026-06
Chris Livingston,Rich Paul,Klutch Sports Management,hoopshype,2026-06
Chris Paul,Steve Heumann,Creative Artists Agency,hoopshype,2026-06
Chris Paul,Ty Sullivan,Creative Artists Agency,hoopshype,2026-06
Christian Braun,Bill Duffy,WME Sports,hoopshype,2026-06
Christian Braun,Diego Arguelles,WME Sports,hoopshype,2026-06
Christian Koloko,Calvin Andrews,Klutch Sports Management,hoopshype,2026-06
CJ Huntley,Duncan Lloyd,Duncan Lloyd,hoopshype,2026-06
CJ McCollum,Jeff Schwartz,Excel Sports Management,hoopshype,2026-06
CJ McCollum,Jordan Gertler,Excel Sports Management,hoopshype,2026-06
CJ McCollum,Sam Goldfeder,Excel Sports Management,hoopshype,2026-06
Clint Capela,Darren 'Mats' Matsubara,Wasserman,hoopshype,2026-06
Clint Capela,Jason Ranne,Wasserman,hoopshype,2026-06
Coby White,Steve Heumann,Creative Artists Agency,hoopshype,2026-06
Coby White,Ty Sullivan,Creative Artists Agency,hoopshype,2026-06
Cody Williams,Bill Duffy,WME Sports,hoopshype,2026-06
Cody Williams,Justin Haynes,WME Sports,hoopshype,2026-06
Colby Jones,Jared Mucha,Excel Sports Management,hoopshype,2026-06
Colby Jones,Sean Kennedy,Excel Sports Management,hoopshype,2026-06
Cole Anthony,Javon Phillips,Excel Sports Management,hoopshype,2026-06
Cole Anthony,Jeff Schwartz,Excel Sports Management,hoopshype,2026-06
Colin Castleton,Aaron Reilly,AMR Agency,hoopshype,2026-06
Colin Castleton,Reggie Berry,AMR Agency,hoopshype,2026-06
Collin Gillespie,James Dunleavy,Excel Sports Management,hoopshype,2026-06
Collin Gillespie,Jordan Gertler,Excel Sports Management,hoopshype,2026-06
Collin Murray-Boyles,Aaron Klevan,Wasserman,hoopshype,2026-06
Collin Murray-Boyles,Joe Smith,Wasserman,hoopshype,2026-06
Collin Sexton,Anthony Fields,Klutch Sports Management,hoopshype,2026-06
Collin Sexton,Rich Paul,Klutch Sports Management,hoopshype,2026-06
Cooper Flagg,Austin Brown,Creative Artists Agency,hoopshype,2026-06
Corey Kispert,Andy Shiffman,Priority Sports & Entertainment,hoopshype,2026-06
Corey Kispert,Mark Bartelstein,Priority Sports & Entertainment,hoopshype,2026-06
Cormac Ryan,Kieran Piller,Priority Sports & Entertainment,hoopshype,2026-06
D'Angelo Russell,Aaron Mintz,Creative Artists Agency,hoopshype,2026-06
D'Angelo Russell,Austin Brown,Creative Artists Agency,hoopshype,2026-06
Dalano Banton,Daniel Poneman,Daniel Poneman,hoopshype,2026-06
Dalen Terry,Anthony Coleman,Excel Sports Management,hoopshype,2026-06
Dalen Terry,Javon Phillips,Excel Sports Management,hoopshype,2026-06
Dalen Terry,Sam Goldfeder,Excel Sports Management,hoopshype,2026-06
Dalton Knecht,Anthony Coleman,Excel Sports Management,hoopshype,2026-06
Dalton Knecht,Mike Lindeman,Excel Sports Management,hoopshype,2026-06
Damian Lillard,Aaron Goodwin,Goodwin Management Group,hoopshype,2026-06
Daniel Gafford,Mike George,Klutch Sports Management,hoopshype,2026-06
Daniel Gafford,Shayaun Saee,Klutch Sports Management,hoopshype,2026-06
Daniss Jenkins,Derek Jackson,UNLTD Sports Group,hoopshype,2026-06
Daniss Jenkins,Nick Blatchford,UNLTD Sports Group,hoopshype,2026-06
Danny Wolf,Austin Brown,Creative Artists Agency,hoopshype,2026-06
Danny Wolf,Maxwell Saidman,Creative Artists Agency,hoopshype,2026-06
Danny Wolf,Steve Heumann,Creative Artists Agency,hoopshype,2026-06
Dante Exum,Brandon Rosenthal,Landmark Sports Agency,hoopshype,2026-06
DaQuan Jeffries,Erik Kabe,WME Sports,hoopshype,2026-06
Dario Saric,Jared Mucha,Excel Sports Management,hoopshype,2026-06
Dario Saric,Jeff Schwartz,Excel Sports Management,hoopshype,2026-06
Dario Saric,Mike Lindeman,Excel Sports Management,hoopshype,2026-06
Dariq Whitehead,James Dunleavy,Excel Sports Management,hoopshype,2026-06
Dariq Whitehead,Jeff Schwartz,Excel Sports Management,hoopshype,2026-06
Darius Garland,Lucas Newton,Klutch Sports Management,hoopshype,2026-06
Darius Garland,Rich Paul,Klutch Sports Management,hoopshype,2026-06
DaRon Holmes,Aaron Reilly,AMR Agency,hoopshype,2026-06
DaRon Holmes,Reggie Berry,AMR Agency,hoopshype,2026-06
David Jones,Deirunas Visockas,Gersh Sports,hoopshype,2026-06
David Roddy,Josh Beauregard-Bell,Wasserman,hoopshype,2026-06
Davion Mitchell,Austin Brown,Creative Artists Agency,hoopshype,2026-06
Davion Mitchell,Sebastian Brogan,Creative Artists Agency,hoopshype,2026-06
Day'Ron Sharpe,Aaron Reilly,AMR Agency,hoopshype,2026-06
Day'Ron Sharpe,Reggie Berry,AMR Agency,hoopshype,2026-06
De'Aaron Fox,Rich Paul,Klutch Sports Management,hoopshype,2026-06
De'Andre Hunter,Joe Smith,Wasserman,hoopshype,2026-06
De'Andre Hunter,Thaddeus Foucher,Wasserman,hoopshype,2026-06
De'Anthony Melton,Aaron Klevan,Wasserman,hoopshype,2026-06
De'Anthony Melton,Joe Smith,Wasserman,hoopshype,2026-06
De'Anthony Melton,Thaddeus Foucher,Wasserman,hoopshype,2026-06
Dean Wade,Austin Walton,NEXT Sports,hoopshype,2026-06
Deandre Ayton,Bill Duffy,WME Sports,hoopshype,2026-06
Deandre Ayton,Nima Namakian,Innovate Sports,hoopshype,2026-06
DeAndre Jordan,Jeff Schwartz,Excel Sports Management,hoopshype,2026-06
DeJon Jarreau,Derek Lafayette,Derek Lafayette,hoopshype,2026-06
Dejounte Murray,Rich Paul,Klutch Sports Management,hoopshype,2026-06
DeMar DeRozan,Aaron Goodwin,Goodwin Management Group,hoopshype,2026-06
Deni Avdija,Doug Neustadt,The Neustadt Group,hoopshype,2026-06
Dennis Schroeder,George Roussakis,Priority Sports & Entertainment,hoopshype,2026-06
Dennis Schroeder,Mark Bartelstein,Priority Sports & Entertainment,hoopshype,2026-06
Dereck Lively,Josh Hairston,Klutch Sports Management,hoopshype,2026-06
Dereck Lively,Rich Paul,Klutch Sports Management,hoopshype,2026-06
Derik Queen,Bill Duffy,WME Sports,hoopshype,2026-06
Derik Queen,Justin Haynes,WME Sports,hoopshype,2026-06
Derrick Jones,Mike George,Klutch Sports Management,hoopshype,2026-06
Derrick Jones,Rich Paul,Klutch Sports Management,hoopshype,2026-06
Derrick Jones,Shayaun Saee,Klutch Sports Management,hoopshype,2026-06
Derrick White,Jared Mucha,Excel Sports Management,hoopshype,2026-06
Derrick White,Jeff Schwartz,Excel Sports Management,hoopshype,2026-06
Derrick White,Mike Lindeman,Excel Sports Management,hoopshype,2026-06
Desmond Bane,Jason Glushon,Glushon Sports Management,hoopshype,2026-06
Desmond Bane,Ryan Leff,Glushon Sports Management,hoopshype,2026-06
Devin Booker,Jessica Holtz,Creative Artists Agency,hoopshype,2026-06
Devin Booker,Melvin Booker,Creative Artists Agency,hoopshype,2026-06
Devin Booker,Mitch Nathan,Creative Artists Agency,hoopshype,2026-06
Devin Carter,Bill Duffy,WME Sports,hoopshype,2026-06
Devin Carter,Marlon Harrison,WME Sports,hoopshype,2026-06
Devin Vassell,Andrew Morrison,Creative Artists Agency,hoopshype,2026-06
Devin Vassell,Mitch Nathan,Creative Artists Agency,hoopshype,2026-06
Devin Vassell,Rich Beda,WME Sports,hoopshype,2026-06
Didi Louzada,Aylton Tesch,Dynasty Sports,hoopshype,2026-06
Dillon Brooks,Mike George,Klutch Sports Management,hoopshype,2026-06
Dillon Brooks,Shayaun Saee,Klutch Sports Management,hoopshype,2026-06
Dillon Jones,Sam Permut,Roc Nation Sports,hoopshype,2026-06
Domantas Sabonis,Greg Lawrence,Wasserman,hoopshype,2026-06
Domantas Sabonis,Jason Ranne,Wasserman,hoopshype,2026-06
Dominick Barlow,Todd Ramasar,Life Sports Agency,hoopshype,2026-06
Donovan Clingan,Jared Mucha,Excel Sports Management,hoopshype,2026-06
Donovan Clingan,Jeff Schwartz,Excel Sports Management,hoopshype,2026-06
Donovan Clingan,Sean Kennedy,Excel Sports Management,hoopshype,2026-06
Donovan Mitchell,Austin Brown,Creative Artists Agency,hoopshype,2026-06
Donovan Mitchell,Ty Sullivan,Creative Artists Agency,hoopshype,2026-06
Donte DiVincenzo,Jason Glushon,Glushon Sports Management,hoopshype,2026-06
Dorian Finney-Smith,Jeff Schwartz,Excel Sports Management,hoopshype,2026-06
Dorian Finney-Smith,Michael Tellem,Excel Sports Management,hoopshype,2026-06
Doug McDermott,Andy Shiffman,Priority Sports & Entertainment,hoopshype,2026-06
Doug McDermott,Mark Bartelstein,Priority Sports & Entertainment,hoopshype,2026-06
Drake Powell,Steve Heumann,Creative Artists Agency,hoopshype,2026-06
Drake Powell,Ty Sullivan,Creative Artists Agency,hoopshype,2026-06
Draymond Green,Rich Paul,Klutch Sports Management,hoopshype,2026-06
Drew Eubanks,James Dunleavy,Excel Sports Management,hoopshype,2026-06
Drew Eubanks,Max Lipsett,Excel Sports Management,hoopshype,2026-06
Drew Timme,Deddrick Faison,Valor Sports & Entertainment,hoopshype,2026-06
Drew Timme,Richard Gray,Valor Sports & Entertainment,hoopshype,2026-06
Dru Smith,Aaron Reilly,AMR Agency,hoopshype,2026-06
Dru Smith,Reggie Berry,AMR Agency,hoopshype,2026-06
Duncan Robinson,Jason Glushon,Glushon Sports Management,hoopshype,2026-06
Duop Reath,Andrew Morrison,Creative Artists Agency,hoopshype,2026-06
Dwight Powell,Jeff Schwartz,Excel Sports Management,hoopshype,2026-06
Dwight Powell,Mike George,Klutch Sports Management,hoopshype,2026-06
Dylan Cardwell,Corey Marcum,EZ Sports Group,hoopshype,2026-06
Dylan Harper,Drew Gross,Roc Nation Sports,hoopshype,2026-06
Egor Demin,Bill Duffy,WME Sports,hoopshype,2026-06
EJ Liddell,Bill Duffy,WME Sports,hoopshype,2026-06
EJ Liddell,Justin Haynes,WME Sports,hoopshype,2026-06
Eli Ndiaye,Jason Ranne,Wasserman,hoopshype,2026-06
Elijah Harkless,Cam Brennick,RBA Sports,hoopshype,2026-06
Emanuel Miller,Mike George,Klutch Sports Management,hoopshype,2026-06
Emanuel Miller,Shayaun Saee,Klutch Sports Management,hoopshype,2026-06
Enrique Freeman,Keith Kreiter,Edge Sports,hoopshype,2026-06
Eric Gordon,Todd Ramasar,Life Sports Agency,hoopshype,2026-06
Ethan Thompson,Isiah Turner,WME Sports,hoopshype,2026-06
Evan Mobley,Joe Smith,Wasserman,hoopshype,2026-06
Evan Mobley,Thaddeus Foucher,Wasserman,hoopshype,2026-06
Franz Wagner,Jason Glushon,Glushon Sports Management,hoopshype,2026-06
Fred VanVleet,Erika Ruiz,Klutch Sports Management,hoopshype,2026-06
Fred VanVleet,Rich Paul,Klutch Sports Management,hoopshype,2026-06
Gabe Vincent,Bill Neff,Saga Sports,hoopshype,2026-06
Garrett Temple,Andy Shiffman,Priority Sports & Entertainment,hoopshype,2026-06
Garrett Temple,Mark Bartelstein,Priority Sports & Entertainment,hoopshype,2026-06
Gary Harris,Aaron Mintz,Creative Artists Agency,hoopshype,2026-06
Gary Harris,Austin Brown,Creative Artists Agency,hoopshype,2026-06
Gary Payton II,Justin Haynes,WME Sports,hoopshype,2026-06
Gary Trent Jr,Lucas Newton,Klutch Sports Management,hoopshype,2026-06
Gary Trent Jr,Rich Paul,Klutch Sports Management,hoopshype,2026-06
Georges Niang,Andy Shiffman,Priority Sports & Entertainment,hoopshype,2026-06
Georges Niang,Mark Bartelstein,Priority Sports & Entertainment,hoopshype,2026-06
Giannis Antetokounmpo,Alex Saratsis,Octagon Athlete Representation,hoopshype,2026-06
Giannis Antetokounmpo,Jeff Austin,Octagon Athlete Representation,hoopshype,2026-06
Goga Bitadze,Jared Mucha,Excel Sports Management,hoopshype,2026-06
Goga Bitadze,Jeff Schwartz,Excel Sports Management,hoopshype,2026-06
Goga Bitadze,Mike Lindeman,Excel Sports Management,hoopshype,2026-06
Gradey Dick,Bill Duffy,WME Sports,hoopshype,2026-06
Gradey Dick,David Mondress,WME Sports,hoopshype,2026-06
Gradey Dick,Drew Gross,Roc Nation Sports,hoopshype,2026-06
Gradey Dick,Isiah Turner,WME Sports,hoopshype,2026-06
Grant Nelson,Maxwell Wiepking,Gersh Sports,hoopshype,2026-06
Grant Williams,Erik Kabe,WME Sports,hoopshype,2026-06
Grayson Allen,Aaron Mintz,Creative Artists Agency,hoopshype,2026-06
Grayson Allen,Mitch Nathan,Creative Artists Agency,hoopshype,2026-06
Grayson Allen,Steve Heumann,Creative Artists Agency,hoopshype,2026-06
Guerschon Yabusele,Andrew Morrison,Creative Artists Agency,hoopshype,2026-06
Guerschon Yabusele,Olivier Mazet,Maz Sport Agency,hoopshype,2026-06
Gui Santos,Aylton Tesch,Dynasty Sports,hoopshype,2026-06
Hansen Yang,Rich Paul,Klutch Sports Management,hoopshype,2026-06
Harrison Barnes,Jeff Schwartz,Excel Sports Management,hoopshype,2026-06
Harrison Barnes,Sam Goldfeder,Excel Sports Management,hoopshype,2026-06
Harrison Ingram,Alex Saratsis,Octagon Athlete Representation,hoopshype,2026-06
Haywood Highsmith,Jerry Dianis,Jerry Dianis,hoopshype,2026-06
Herb Jones,Kieran Piller,Priority Sports & Entertainment,hoopshype,2026-06
Herb Jones,Mark Bartelstein,Priority Sports & Entertainment,hoopshype,2026-06
Hugo Gonzalez,Matt Bollero,ProMondo Sports,hoopshype,2026-06
Hunter Dickinson,Rich Paul,Klutch Sports Management,hoopshype,2026-06
Hunter Sallis,Daniel Frank,Lift Sports Management,hoopshype,2026-06
Hunter Sallis,Kevin Bradbury,REP1,hoopshype,2026-06
Immanuel Quickley,Raymond Brothers,IAM Sports,hoopshype,2026-06
Isaac Jones,Greg Lawrence,Wasserman,hoopshype,2026-06
Isaac Okoro,Michael Tellem,Excel Sports Management,hoopshype,2026-06
Isaiah Collier,Jason Ranne,Wasserman,hoopshype,2026-06
Isaiah Hartenstein,Aaron Mintz,Creative Artists Agency,hoopshype,2026-06
Isaiah Hartenstein,Andrew Morrison,Creative Artists Agency,hoopshype,2026-06
Isaiah Hartenstein,Dave Spahn,Creative Artists Agency,hoopshype,2026-06
Isaiah Jackson,Andrew Morrison,Creative Artists Agency,hoopshype,2026-06
Isaiah Jackson,Melvin Booker,Creative Artists Agency,hoopshype,2026-06
Isaiah Jackson,Sam Rose,Creative Artists Agency,hoopshype,2026-06
Isaiah Joe,Mike Conley,Mike Conley Sr,hoopshype,2026-06
Isaiah Livers,Andy Shiffman,Priority Sports & Entertainment,hoopshype,2026-06
Isaiah Livers,Mark Bartelstein,Priority Sports & Entertainment,hoopshype,2026-06
Isaiah Stevens,Matt Bollero,ProMondo Sports,hoopshype,2026-06
Isaiah Stewart,Drew Gross,Roc Nation Sports,hoopshype,2026-06
Ivica Zubac,Jared Mucha,Excel Sports Management,hoopshype,2026-06
Ivica Zubac,Jeff Schwartz,Excel Sports Management,hoopshype,2026-06
Ivica Zubac,Mike Lindeman,Excel Sports Management,hoopshype,2026-06
Ja Morant,Mike Miller,Lift Sports Management,hoopshype,2026-06
Ja'Kobe Walter,Jason Glushon,Glushon Sports Management,hoopshype,2026-06
Ja'Kobe Walter,Josh Ketroser,Glushon Sports Management,hoopshype,2026-06
Jabari Smith,Wallace Prather,Prather Sports,hoopshype,2026-06
Jabari Walker,Anthony Fields,Klutch Sports Management,hoopshype,2026-06
Jabari Walker,Rich Paul,Klutch Sports Management,hoopshype,2026-06
Jacob Toppin,Austin Brown,Creative Artists Agency,hoopshype,2026-06
Jacob Toppin,Mitch Nathan,Creative Artists Agency,hoopshype,2026-06
Jaden Hardy,James Dunleavy,Excel Sports Management,hoopshype,2026-06
Jaden Hardy,Jeff Schwartz,Excel Sports Management,hoopshype,2026-06
Jaden Ivey,Austin Brown,Creative Artists Agency,hoopshype,2026-06
Jaden Ivey,Maxwell Saidman,Creative Artists Agency,hoopshype,2026-06
Jaden McDaniels,Bill Duffy,WME Sports,hoopshype,2026-06
Jaden McDaniels,Nima Namakian,Innovate Sports,hoopshype,2026-06
Jaden Springer,Chad Speck,A3 Athletics,hoopshype,2026-06
Jae'Sean Tate,Aaron Mintz,Creative Artists Agency,hoopshype,2026-06
Jae'Sean Tate,Austin Brown,Creative Artists Agency,hoopshype,2026-06
Jae'Sean Tate,Maxwell Saidman,Creative Artists Agency,hoopshype,2026-06
Jae'Sean Tate,Steve Heumann,Creative Artists Agency,hoopshype,2026-06
Jahmai Mashack,Adie von Gontard,Young Money APAA Sports & Entertainment,hoopshype,2026-06
Jahmir Young,Scott Nichols,Rize Management,hoopshype,2026-06
Jahmyl Telfort,Mike Simonetta,Life Sports Agency,hoopshype,2026-06
Jahmyl Telfort,Todd Ramasar,Life Sports Agency,hoopshype,2026-06
Jaime Jaquez,Aaron Mintz,Creative Artists Agency,hoopshype,2026-06
Jake LaRavia,Aaron Reilly,AMR Agency,hoopshype,2026-06
Jake LaRavia,Reggie Berry,AMR Agency,hoopshype,2026-06
Jakob Poeltl,James Dunleavy,Excel Sports Management,hoopshype,2026-06
Jakob Poeltl,Jeff Schwartz,Excel Sports Management,hoopshype,2026-06
Jakob Poeltl,Michael Tellem,Excel Sports Management,hoopshype,2026-06
Jakob Poeltl,Sam Goldfeder,Excel Sports Management,hoopshype,2026-06
Jalen Brunson,Aaron Mintz,Creative Artists Agency,hoopshype,2026-06
Jalen Brunson,Sam Rose,Creative Artists Agency,hoopshype,2026-06
Jalen Duren,Chafie Fields,Wasserman,hoopshype,2026-06
Jalen Green,Aaron Mintz,Creative Artists Agency,hoopshype,2026-06
Jalen Green,Andrew Morrison,Creative Artists Agency,hoopshype,2026-06
Jalen Johnson,Lucas Newton,Klutch Sports Management,hoopshype,2026-06
Jalen Pickett,Daniel Curtin,LAMF Sports Management,hoopshype,2026-06
Jalen Slawson,Aaron Turner,Verus Management Team,hoopshype,2026-06
Jalen Smith,Mike Kneisley,Imperative Sports Consultants,hoopshype,2026-06
Jalen Suggs,Darren 'Mats' Matsubara,Wasserman,hoopshype,2026-06
Jalen Suggs,Jason Ranne,Wasserman,hoopshype,2026-06
Jalen Williams,Bill Duffy,WME Sports,hoopshype,2026-06
Jalen Williams,Justin Haynes,WME Sports,hoopshype,2026-06
Jalen Wilson,Bill Duffy,WME Sports,hoopshype,2026-06
Jalen Wilson,David Mondress,WME Sports,hoopshype,2026-06
Jalen Wilson,Diego Arguelles,WME Sports,hoopshype,2026-06
Jalen Wilson,Justin Haynes,WME Sports,hoopshype,2026-06
Jamal Cain,Mike George,Klutch Sports Management,hoopshype,2026-06
Jamal Cain,Shayaun Saee,Klutch Sports Management,hoopshype,2026-06
Jamal Murray,Jeff Schwartz,Excel Sports Management,hoopshype,2026-06
Jamal Murray,Mike George,Klutch Sports Management,hoopshype,2026-06
Jamal Shead,Bill Neff,Saga Sports,hoopshype,2026-06
Jamaree Bouyea,Jason Glushon,Glushon Sports Management,hoopshype,2026-06
James Harden,Brandon Grier,Equity Basketball,hoopshype,2026-06
James Harden,Michael Silverman,Equity Basketball,hoopshype,2026-06
James Harden,Troy Payne,Equity Basketball,hoopshype,2026-06
James Wiseman,Jeff Schwartz,Excel Sports Management,hoopshype,2026-06
James Wiseman,Marcus Monk,Excel Sports Management,hoopshype,2026-06
Jamir Watkins,Sam Rose,Creative Artists Agency,hoopshype,2026-06
Jamison Battle,Aaron Klevan,Wasserman,hoopshype,2026-06
Jamison Battle,Joe Smith,Wasserman,hoopshype,2026-06
Jarace Walker,Bill Duffy,WME Sports,hoopshype,2026-06
Jarace Walker,Justin Haynes,WME Sports,hoopshype,2026-06
Jared McCain,James Dunleavy,Excel Sports Management,hoopshype,2026-06
Jared McCain,Jeff Schwartz,Excel Sports Management,hoopshype,2026-06
Jaren Jackson Jr,Austin Brown,Creative Artists Agency,hoopshype,2026-06
Jaren Jackson Jr,Maxwell Saidman,Creative Artists Agency,hoopshype,2026-06
Jarred Vanderbilt,Erika Ruiz,Klutch Sports Management,hoopshype,2026-06
Jarred Vanderbilt,Omar Wilkes,Klutch Sports Management,hoopshype,2026-06
Jarrett Allen,Derrick Powell,,hoopshype,2026-06
Jarrett Allen,Maxwell Wiepking,Gersh Sports,hoopshype,2026-06
Jase Richardson,Cody Castleman,Creative Artists Agency,hoopshype,2026-06
Javon Small,Daniel Hazan,Hazan Sports Management Group Inc,hoopshype,2026-06
Javonte Cooke,Jerry Dianis,Jerry Dianis,hoopshype,2026-06
Javonte Green,Greg Lawrence,Wasserman,hoopshype,2026-06
Javonte Green,Jelani Floyd,Wasserman,hoopshype,2026-06
Jaxson Hayes,Bill Duffy,WME Sports,hoopshype,2026-06
Jaxson Hayes,Marlon Harrison,WME Sports,hoopshype,2026-06
Jaylen Brown,Jason Glushon,Glushon Sports Management,hoopshype,2026-06
Jaylen Clark,Greg Lawrence,Wasserman,hoopshype,2026-06
Jaylen Martin,Deddrick Faison,Valor Sports & Entertainment,hoopshype,2026-06
Jaylen Martin,Richard Gray,Valor Sports & Entertainment,hoopshype,2026-06
Jaylen Wells,Amandeep Dhesi,PNW Sports Group,hoopshype,2026-06
Jaylin Williams,Marcus Monk,Excel Sports Management,hoopshype,2026-06
Jaylin Williams,Sean Kennedy,Excel Sports Management,hoopshype,2026-06
Jaylon Tyson,Deddrick Faison,Valor Sports & Entertainment,hoopshype,2026-06
Jaylon Tyson,Richard Gray,Valor Sports & Entertainment,hoopshype,2026-06
Jayson Tatum,Jeff Wechsler,24/7 Sports Management,hoopshype,2026-06
Jayson Tatum,Rishi Daulat,PRP,hoopshype,2026-06
JD Davison,Mike Miller,Lift Sports Management,hoopshype,2026-06
Jeff Green,Jason Glushon,Glushon Sports Management,hoopshype,2026-06
Jerami Grant,Rich Paul,Klutch Sports Management,hoopshype,2026-06
Jeremiah Fears,Mike Miller,Lift Sports Management,hoopshype,2026-06
Jeremiah Robinson-Earl,Darren 'Mats' Matsubara,Wasserman,hoopshype,2026-06
Jeremy Sochan,Deirunas Visockas,Gersh Sports,hoopshype,2026-06
Jericho Sims,Jason Glushon,Glushon Sports Management,hoopshype,2026-06
Jericho Sims,Josh Ketroser,Glushon Sports Management,hoopshype,2026-06
Jett Howard,Aaron Mintz,Creative Artists Agency,hoopshype,2026-06
Jett Howard,Dave Spahn,Creative Artists Agency,hoopshype,2026-06
Jevon Carter,Mark Bartelstein,Priority Sports & Entertainment,hoopshype,2026-06
Jevon Carter,Reggie Brown,Priority Sports & Entertainment,hoopshype,2026-06
Jevon Carter,Zach Kurtin,Priority Sports & Entertainment,hoopshype,2026-06
Jimmy Butler,Bernie Lee,Thread Sports Management,hoopshype,2026-06
Joan Beringer,Jelani Floyd,Wasserman,hoopshype,2026-06
Jock Landale,Sammy Wloszczowski,Sports International Group,hoopshype,2026-06
Joe Ingles,Andy Shiffman,Priority Sports & Entertainment,hoopshype,2026-06
Joe Ingles,Mark Bartelstein,Priority Sports & Entertainment,hoopshype,2026-06
John Collins,Jeff Schwartz,Excel Sports Management,hoopshype,2026-06
John Collins,Sean Kennedy,Excel Sports Management,hoopshype,2026-06
John Konchar,George Langberg,GSL,hoopshype,2026-06
John Tonje,Mark Bartelstein,Priority Sports & Entertainment,hoopshype,2026-06
Johni Broome,Rich Beda,WME Sports,hoopshype,2026-06
Johnny Furphy,Andy Shiffman,Priority Sports & Entertainment,hoopshype,2026-06
Johnny Furphy,Mark Bartelstein,Priority Sports & Entertainment,hoopshype,2026-06
Johnny Juzang,Jordan Gertler,Excel Sports Management,hoopshype,2026-06
Johnny Juzang,Sam Goldfeder,Excel Sports Management,hoopshype,2026-06
Jonas Valanciunas,Jeff Schwartz,Excel Sports Management,hoopshype,2026-06
Jonas Valanciunas,Michael Tellem,Excel Sports Management,hoopshype,2026-06
Jonathan Isaac,Jeff Wechsler,24/7 Sports Management,hoopshype,2026-06
Jonathan Kuminga,Aaron Turner,Verus Management Team,hoopshype,2026-06
Jonathan Mogbo,Austin Walton,NEXT Sports,hoopshype,2026-06
Jordan Clarkson,Rich Paul,Klutch Sports Management,hoopshype,2026-06
Jordan Goodwin,Mike George,Klutch Sports Management,hoopshype,2026-06
Jordan Goodwin,Shayaun Saee,Klutch Sports Management,hoopshype,2026-06
Jordan Hawkins,Ty Sullivan,Creative Artists Agency,hoopshype,2026-06
Jordan McLaughlin,Mitchell Butler,Rival Sports Group,hoopshype,2026-06
Jordan Miller,Jason Glushon,Glushon Sports Management,hoopshype,2026-06
Jordan Poole,Andrew Morrison,Creative Artists Agency,hoopshype,2026-06
Jordan Poole,Austin Brown,Creative Artists Agency,hoopshype,2026-06
Jordan Walsh,Ramon Sessions,On Time Agency,hoopshype,2026-06
Jose Alvarado,Austin Brown,Creative Artists Agency,hoopshype,2026-06
Jose Alvarado,Maxwell Saidman,Creative Artists Agency,hoopshype,2026-06
Josh Green,Aaron Mintz,Creative Artists Agency,hoopshype,2026-06
Josh Green,Andrew Morrison,Creative Artists Agency,hoopshype,2026-06
Josh Green,Steve Heumann,Creative Artists Agency,hoopshype,2026-06
Josh Hart,Aaron Mintz,Creative Artists Agency,hoopshype,2026-06
Josh Hart,Dave Spahn,Creative Artists Agency,hoopshype,2026-06
Josh Hart,Steve Heumann,Creative Artists Agency,hoopshype,2026-06
Josh Minott,Aaron Turner,Verus Management Team,hoopshype,2026-06
Josh Minott,Stephen George Boykin,Verus Management Team,hoopshype,2026-06
Josh Okogie,Calvin Andrews,Klutch Sports Management,hoopshype,2026-06
Jrue Holiday,Jason Glushon,Glushon Sports Management,hoopshype,2026-06
Jules Bernard,Thaddeus Foucher,Wasserman,hoopshype,2026-06
Julian Champagnie,Kashif Pratt,UNLTD Sports Group,hoopshype,2026-06
Julian Champagnie,Nick Blatchford,UNLTD Sports Group,hoopshype,2026-06
Julian Phillips,Dave Spahn,Creative Artists Agency,hoopshype,2026-06
Julian Reese,Adam Godes,ADS Sports Management,hoopshype,2026-06
Julian Strawther,Darren 'Mats' Matsubara,Wasserman,hoopshype,2026-06
Julius Randle,Aaron Mintz,Creative Artists Agency,hoopshype,2026-06
Julius Randle,George Bass,AAI Sports,hoopshype,2026-06
Julius Randle,Steve Heumann,Creative Artists Agency,hoopshype,2026-06
Justin Champagnie,Daniel Hazan,Hazan Sports Management Group Inc,hoopshype,2026-06
Justin Edwards,Josh Hairston,Klutch Sports Management,hoopshype,2026-06
Jusuf Nurkic,Rich Paul,Klutch Sports Management,hoopshype,2026-06
Kadary Richmond,Daniel Hazan,Hazan Sports Management Group Inc,hoopshype,2026-06
Kam Jones,Mike Miller,Lift Sports Management,hoopshype,2026-06
Karl-Anthony Towns,Jessica Holtz,Creative Artists Agency,hoopshype,2026-06
Karl-Anthony Towns,Mitch Nathan,Creative Artists Agency,hoopshype,2026-06
Karlo Matkovic,Jared Mucha,Excel Sports Management,hoopshype,2026-06
Karlo Matkovic,Mike Lindeman,Excel Sports Management,hoopshype,2026-06
Karlo Matkovic,Misko Raznatovic,Beo Basket,hoopshype,2026-06
Kasparas Jakucionis,Aaron Klevan,Wasserman,hoopshype,2026-06
Kasparas Jakucionis,Tadas Bulotas,Wasserman,hoopshype,2026-06
Keaton Wallace,Max Lipsett,Excel Sports Management,hoopshype,2026-06
Keegan Murray,Kyle McAlarney,Priority Sports & Entertainment,hoopshype,2026-06
Keegan Murray,Mark Bartelstein,Priority Sports & Entertainment,hoopshype,2026-06
Kel'el Ware,Austin Brown,Creative Artists Agency,hoopshype,2026-06
Kel'el Ware,Maxwell Saidman,Creative Artists Agency,hoopshype,2026-06
Kel'el Ware,Richard Felder,Creative Artists Agency,hoopshype,2026-06
Keldon Johnson,Lucas Newton,Klutch Sports Management,hoopshype,2026-06
Keldon Johnson,Rich Paul,Klutch Sports Management,hoopshype,2026-06
Kelly Olynyk,James Dunleavy,Excel Sports Management,hoopshype,2026-06
Kelly Olynyk,Jeff Schwartz,Excel Sports Management,hoopshype,2026-06
Kelly Olynyk,Sean Kennedy,Excel Sports Management,hoopshype,2026-06
Kelly Oubre,Aaron Mintz,Creative Artists Agency,hoopshype,2026-06
Kelly Oubre,Austin Brown,Creative Artists Agency,hoopshype,2026-06
Kelly Oubre,Dave Spahn,Creative Artists Agency,hoopshype,2026-06
Kenrich Williams,Adam Pensack,Pensack Sports Management,hoopshype,2026-06
Kentavious Caldwell-Pope,Rich Paul,Klutch Sports Management,hoopshype,2026-06
Keon Ellis,Corey Marcum,EZ Sports Group,hoopshype,2026-06
Keshad Johnson,Aaron Turner,Verus Management Team,hoopshype,2026-06
Keshon Gilbert,Bill Neff,Saga Sports,hoopshype,2026-06
Kevin Durant,Rich Kleiman,Thirty Five Ventures,hoopshype,2026-06
Kevin Huerter,Andy Shiffman,Priority Sports & Entertainment,hoopshype,2026-06
Kevin Huerter,Mark Bartelstein,Priority Sports & Entertainment,hoopshype,2026-06
Kevin Love,Jeff Schwartz,Excel Sports Management,hoopshype,2026-06
Kevin Love,Sam Goldfeder,Excel Sports Management,hoopshype,2026-06
Kevin McCullar,Isiah Turner,WME Sports,hoopshype,2026-06
Kevin Porter,Sam Permut,Roc Nation Sports,hoopshype,2026-06
Kevon Harris,Daniel Hazan,Hazan Sports Management Group Inc,hoopshype,2026-06
Kevon Looney,Todd Ramasar,Life Sports Agency,hoopshype,2026-06
Keyonte George,Jason Ranne,Wasserman,hoopshype,2026-06
Keyonte George,Joe Smith,Wasserman,hoopshype,2026-06
Keyonte George,Thaddeus Foucher,Wasserman,hoopshype,2026-06
Khaman Maluach,Josh Hairston,Klutch Sports Management,hoopshype,2026-06
Khaman Maluach,Rich Paul,Klutch Sports Management,hoopshype,2026-06
Khris Middleton,Jeff Schwartz,Excel Sports Management,hoopshype,2026-06
Khris Middleton,Mike Lindeman,Excel Sports Management,hoopshype,2026-06
Killian Hayes,David Bauman,Independent Sports and Entertainment,hoopshype,2026-06
Killian Hayes,Yann Balikouzou,Independent Sports and Entertainment,hoopshype,2026-06
KJ Simpson,Anthony Fields,Klutch Sports Management,hoopshype,2026-06
KJ Simpson,Rich Paul,Klutch Sports Management,hoopshype,2026-06
Klay Thompson,Greg Lawrence,Wasserman,hoopshype,2026-06
Kobe Brown,Kieran Piller,Priority Sports & Entertainment,hoopshype,2026-06
Kobe Brown,Mark Bartelstein,Priority Sports & Entertainment,hoopshype,2026-06
Kobe Bufkin,Jelani Floyd,Wasserman,hoopshype,2026-06
Kobe Bufkin,Joe Smith,Wasserman,hoopshype,2026-06
Kobe Bufkin,Thaddeus Foucher,Wasserman,hoopshype,2026-06
Kobe Sanders,Ramon Sessions,On Time Agency,hoopshype,2026-06
Kon Knueppel,Mark Bartelstein,Priority Sports & Entertainment,hoopshype,2026-06
Kris Dunn,Austin Brown,Creative Artists Agency,hoopshype,2026-06
Kris Murray,Kyle McAlarney,Priority Sports & Entertainment,hoopshype,2026-06
Kris Murray,Mark Bartelstein,Priority Sports & Entertainment,hoopshype,2026-06
Kristaps Porzingis,Janis Porzingis,Janis Porzings,hoopshype,2026-06
Kristaps Porzingis,Jeff Schwartz,Excel Sports Management,hoopshype,2026-06
Kristaps Porzingis,Jordan Gertler,Excel Sports Management,hoopshype,2026-06
Kristaps Porzingis,Sam Goldfeder,Excel Sports Management,hoopshype,2026-06
Kyle Anderson,Thaddeus Foucher,Wasserman,hoopshype,2026-06
Kyle Filipowski,Kyle McAlarney,Priority Sports & Entertainment,hoopshype,2026-06
Kyle Filipowski,Mark Bartelstein,Priority Sports & Entertainment,hoopshype,2026-06
Kyle Kuzma,Austin Brown,Creative Artists Agency,hoopshype,2026-06
Kyle Lowry,Mark Bartelstein,Priority Sports & Entertainment,hoopshype,2026-06
Kyrie Irving,Shetellia Riley Irving,Shetellia Riley Irving,hoopshype,2026-06
Kyshawn George,Jelani Floyd,Wasserman,hoopshype,2026-06
Kyshawn George,Joe Smith,Wasserman,hoopshype,2026-06
LaMelo Ball,Sam Permut,Roc Nation Sports,hoopshype,2026-06
Landry Shamet,George Langberg,GSL,hoopshype,2026-06
Larry Nance Jr,Kieran Piller,Priority Sports & Entertainment,hoopshype,2026-06
Larry Nance Jr,Mark Bartelstein,Priority Sports & Entertainment,hoopshype,2026-06
Lauri Markkanen,Michael Lelchitski,SIG Sports,hoopshype,2026-06
Leaky Black,Maxwell Wiepking,Gersh Sports,hoopshype,2026-06
LeBron James,Rich Paul,Klutch Sports Management,hoopshype,2026-06
Leonard Miller,Mike George,Klutch Sports Management,hoopshype,2026-06
Leonard Miller,Rich Paul,Klutch Sports Management,hoopshype,2026-06
Leonard Miller,Shayaun Saee,Klutch Sports Management,hoopshype,2026-06
Lester Quinones,Scott Nichols,Rize Management,hoopshype,2026-06
Liam McNeeley,Aaron Mintz,Creative Artists Agency,hoopshype,2026-06
Lindy Waters III,Rich Paul,Klutch Sports Management,hoopshype,2026-06
Lindy Waters III,Shayaun Saee,Klutch Sports Management,hoopshype,2026-06
Lonzo Ball,Rich Paul,Klutch Sports Management,hoopshype,2026-06
Lucas Williamson,Keith Kreiter,Edge Sports,hoopshype,2026-06
Luguentz Dort,Mike George,Klutch Sports Management,hoopshype,2026-06
Luguentz Dort,Mike Kneisley,Imperative Sports Consultants,hoopshype,2026-06
Luguentz Dort,Rich Paul,Klutch Sports Management,hoopshype,2026-06
Luguentz Dort,Shayaun Saee,Klutch Sports Management,hoopshype,2026-06
Luka Doncic,Bill Duffy,WME Sports,hoopshype,2026-06
Luka Garza,Mike Kneisley,Imperative Sports Consultants,hoopshype,2026-06
Luka Garza,Odell Witherspoon III,Imperative Sports Consultants,hoopshype,2026-06
Luke Kennard,Aaron Mintz,Creative Artists Agency,hoopshype,2026-06
Luke Kennard,Dave Spahn,Creative Artists Agency,hoopshype,2026-06
Luke Kennard,Steve Heumann,Creative Artists Agency,hoopshype,2026-06
Luke Kornet,Maxwell Wiepking,Gersh Sports,hoopshype,2026-06
Mac McClung,Daniel Poneman,Daniel Poneman,hoopshype,2026-06
Malachi Smith,Michael Lelchitski,SIG Sports,hoopshype,2026-06
Malaki Branham,Derek Jackson,UNLTD Sports Group,hoopshype,2026-06
Malaki Branham,Nick Blatchford,UNLTD Sports Group,hoopshype,2026-06
Malik Monk,Jeff Schwartz,Excel Sports Management,hoopshype,2026-06
Malik Monk,Marcus Monk,Excel Sports Management,hoopshype,2026-06
Marcus Sasser,Kyle McAlarney,Priority Sports & Entertainment,hoopshype,2026-06
Marcus Sasser,Mark Bartelstein,Priority Sports & Entertainment,hoopshype,2026-06
Marcus Smart,Jason Glushon,Glushon Sports Management,hoopshype,2026-06
Marcus Smart,Josh Ketroser,Glushon Sports Management,hoopshype,2026-06
MarJon Beauchamp,Josh Beauregard-Bell,Wasserman,hoopshype,2026-06
MarJon Beauchamp,Thaddeus Foucher,Wasserman,hoopshype,2026-06
Mark Sears,Jared Mucha,Excel Sports Management,hoopshype,2026-06
Mark Sears,Sean Kennedy,Excel Sports Management,hoopshype,2026-06
Mark Williams,Jeff Schwartz,Excel Sports Management,hoopshype,2026-06
Mark Williams,Jordan Gertler,Excel Sports Management,hoopshype,2026-06
Markelle Fultz,Raymond Brothers,IAM Sports,hoopshype,2026-06
Marvin Bagley,Shayaun Saee,Klutch Sports Management,hoopshype,2026-06
Mason Plumlee,Mark Bartelstein,Priority Sports & Entertainment,hoopshype,2026-06
Mason Plumlee,Zach Kurtin,Priority Sports & Entertainment,hoopshype,2026-06
Matas Buzelis,Jeff Schwartz,Excel Sports Management,hoopshype,2026-06
Matas Buzelis,Michael Tellem,Excel Sports Management,hoopshype,2026-06
Matisse Thybulle,Aaron Goodwin,Goodwin Management Group,hoopshype,2026-06
Max Christie,Kevin Bradbury,REP1,hoopshype,2026-06
Max Strus,Kieran Piller,Priority Sports & Entertainment,hoopshype,2026-06
Max Strus,Mark Bartelstein,Priority Sports & Entertainment,hoopshype,2026-06
Maxi Kleber,Guy Zucker,Zucker International,hoopshype,2026-06
Maxwell Lewis,Aaron Klevan,Wasserman,hoopshype,2026-06
Maxwell Lewis,Thaddeus Foucher,Wasserman,hoopshype,2026-06
Micah Peavy,Amandeep Dhesi,PNW Sports Group,hoopshype,2026-06
Micah Potter,Aaron Reilly,AMR Agency,hoopshype,2026-06
Micah Potter,Reggie Berry,AMR Agency,hoopshype,2026-06
Michael Porter,Mark Bartelstein,Priority Sports & Entertainment,hoopshype,2026-06
Mikal Bridges,Jeff Schwartz,Excel Sports Management,hoopshype,2026-06
Mikal Bridges,Jordan Gertler,Excel Sports Management,hoopshype,2026-06
Mikal Bridges,Sam Goldfeder,Excel Sports Management,hoopshype,2026-06
Mike Conley,Jessica Holtz,Creative Artists Agency,hoopshype,2026-06
Mike Conley,Mike Conley,Mike Conley Sr,hoopshype,2026-06
Mike Conley,Steve Heumann,Creative Artists Agency,hoopshype,2026-06
Miles Bridges,Rich Paul,Klutch Sports Management,hoopshype,2026-06
Miles Kelly,Aaron Turner,Verus Management Team,hoopshype,2026-06
Miles McBride,Andy Shiffman,Priority Sports & Entertainment,hoopshype,2026-06
Miles McBride,Mark Bartelstein,Priority Sports & Entertainment,hoopshype,2026-06
Mitchell Robinson,Joe Smith,Wasserman,hoopshype,2026-06
Mitchell Robinson,Thaddeus Foucher,Wasserman,hoopshype,2026-06
Mo Bamba,Mark Bartelstein,Priority Sports & Entertainment,hoopshype,2026-06
Mohamed Diawara,Olivier Mazet,Maz Sport Agency,hoopshype,2026-06
Monte Morris,Andy Shiffman,Priority Sports & Entertainment,hoopshype,2026-06
Moritz Wagner,Jason Glushon,Glushon Sports Management,hoopshype,2026-06
Moses Moody,Erika Ruiz,Klutch Sports Management,hoopshype,2026-06
Moses Moody,Rich Paul,Klutch Sports Management,hoopshype,2026-06
Mouhamed Gueye,Amandeep Dhesi,PNW Sports Group,hoopshype,2026-06
Moussa Cisse,Yann Balikouzou,Independent Sports and Entertainment,hoopshype,2026-06
Moussa Diabate,Aaron Turner,Verus Management Team,hoopshype,2026-06
Myles Turner,Austin Brown,Creative Artists Agency,hoopshype,2026-06
N'Faly Dante,Mike George,Klutch Sports Management,hoopshype,2026-06
N'Faly Dante,Shayaun Saee,Klutch Sports Management,hoopshype,2026-06
Nae'qwan Tomlin,Aaron Turner,Verus Management Team,hoopshype,2026-06
Naji Marshall,Derek Jackson,UNLTD Sports Group,hoopshype,2026-06
Nassir Little,Adam Pensack,Pensack Sports Management,hoopshype,2026-06
Naz Reid,Jeff Schwartz,Excel Sports Management,hoopshype,2026-06
Naz Reid,Sean Kennedy,Excel Sports Management,hoopshype,2026-06
Neemias Queta,Bill Duffy,WME Sports,hoopshype,2026-06
Nick Richards,Jared Mucha,Excel Sports Management,hoopshype,2026-06
Nick Richards,Javon Phillips,Excel Sports Management,hoopshype,2026-06
Nick Richards,Jeff Schwartz,Excel Sports Management,hoopshype,2026-06
Nick Smith,Lucas Newton,Klutch Sports Management,hoopshype,2026-06
Nickeil Alexander-Walker,Andrew Morrison,Creative Artists Agency,hoopshype,2026-06
Nickeil Alexander-Walker,Austin Brown,Creative Artists Agency,hoopshype,2026-06
Nickeil Alexander-Walker,Steve Heumann,Creative Artists Agency,hoopshype,2026-06
Nicolas Batum,Bouna Ndiaye,Comsport,hoopshype,2026-06
Nicolas Claxton,Aaron Mintz,Creative Artists Agency,hoopshype,2026-06
Nicolas Claxton,Austin Brown,Creative Artists Agency,hoopshype,2026-06
Nicolas Claxton,Rich Beda,WME Sports,hoopshype,2026-06
Nicolas Claxton,Steve Heumann,Creative Artists Agency,hoopshype,2026-06
Nigel Hayes,Kevin Bradbury,REP1,hoopshype,2026-06
Nikola Djurisic,Jared Mucha,Excel Sports Management,hoopshype,2026-06
Nikola Djurisic,Mike Lindeman,Excel Sports Management,hoopshype,2026-06
Nikola Djurisic,Misko Raznatovic,Beo Basket,hoopshype,2026-06
Nikola Jokic,Jeff Schwartz,Excel Sports Management,hoopshype,2026-06
Nikola Jokic,Mike Lindeman,Excel Sports Management,hoopshype,2026-06
Nikola Jovic,Jared Mucha,Excel Sports Management,hoopshype,2026-06
Nikola Jovic,Sean Kennedy,Excel Sports Management,hoopshype,2026-06
Nikola Topic,Javon Phillips,Excel Sports Management,hoopshype,2026-06
Nikola Topic,Mike Lindeman,Excel Sports Management,hoopshype,2026-06
Nikola Topic,Misko Raznatovic,Beo Basket,hoopshype,2026-06
Nikola Vucevic,Bill Duffy,WME Sports,hoopshype,2026-06
Nikola Vucevic,Rade Filipovich,WME Sports,hoopshype,2026-06
Nique Clifford,Mike Simonetta,Life Sports Agency,hoopshype,2026-06
Nique Clifford,Todd Ramasar,Life Sports Agency,hoopshype,2026-06
Noa Essengue,Yann Balikouzou,Independent Sports and Entertainment,hoopshype,2026-06
Noah Clowney,Anthony Fields,Klutch Sports Management,hoopshype,2026-06
Noah Clowney,Rich Paul,Klutch Sports Management,hoopshype,2026-06
Noah Penda,Francois Nyam,Wasserman,hoopshype,2026-06
Nolan Traore,Jelani Floyd,Wasserman,hoopshype,2026-06
Norchad Omier,Bill Neff,Saga Sports,hoopshype,2026-06
Norman Powell,Jason Glushon,Glushon Sports Management,hoopshype,2026-06
Obi Toppin,Austin Brown,Creative Artists Agency,hoopshype,2026-06
Obi Toppin,Mitch Nathan,Creative Artists Agency,hoopshype,2026-06
Obi Toppin,Sam Rose,Creative Artists Agency,hoopshype,2026-06
Ochai Agbaji,Alex Saratsis,Octagon Athlete Representation,hoopshype,2026-06
OG Anunoby,Andrew Morrison,Creative Artists Agency,hoopshype,2026-06
OG Anunoby,Austin Brown,Creative Artists Agency,hoopshype,2026-06
OG Anunoby,Sam Rose,Creative Artists Agency,hoopshype,2026-06
Olivier-Maxence Prosper,Mike Simonetta,Life Sports Agency,hoopshype,2026-06
Olivier-Maxence Prosper,Todd Ramasar,Life Sports Agency,hoopshype,2026-06
Onyeka Okongwu,Anthony Coleman,Excel Sports Management,hoopshype,2026-06
Onyeka Okongwu,Jeff Schwartz,Excel Sports Management,hoopshype,2026-06
Onyeka Okongwu,Jordan Gertler,Excel Sports Management,hoopshype,2026-06
Onyeka Okongwu,Max Lipsett,Excel Sports Management,hoopshype,2026-06
Onyeka Okongwu,Sam Goldfeder,Excel Sports Management,hoopshype,2026-06
Orlando Robinson,Darren 'Mats' Matsubara,Wasserman,hoopshype,2026-06
Oscar Tshiebwe,Alex Saratsis,Octagon Athlete Representation,hoopshype,2026-06
Oscar Tshiebwe,Jeff Austin,Octagon Athlete Representation,hoopshype,2026-06
Oso Ighodaro,Erika Ruiz,Klutch Sports Management,hoopshype,2026-06
Ousmane Dieng,Michael Tellem,Excel Sports Management,hoopshype,2026-06
Pacome Dadiet,Yann Balikouzou,Independent Sports and Entertainment,hoopshype,2026-06
Paolo Banchero,Mike Miller,Lift Sports Management,hoopshype,2026-06
Pascal Siakam,Jaafar Choufani,Life Sports Agency,hoopshype,2026-06
Pascal Siakam,Todd Ramasar,Life Sports Agency,hoopshype,2026-06
Pat Connaughton,Jeff Schwartz,Excel Sports Management,hoopshype,2026-06
Pat Connaughton,Jordan Gertler,Excel Sports Management,hoopshype,2026-06
Pat Spencer,Mark Bartelstein,Priority Sports & Entertainment,hoopshype,2026-06
Pat Spencer,Ross Aroyo,Priority Sports & Entertainment,hoopshype,2026-06
Patrick Baldwin,Andy Shiffman,Priority Sports & Entertainment,hoopshype,2026-06
Patrick Baldwin,Kieran Piller,Priority Sports & Entertainment,hoopshype,2026-06
Patrick Baldwin,Mark Bartelstein,Priority Sports & Entertainment,hoopshype,2026-06
Patrick Williams,Joe Smith,Wasserman,hoopshype,2026-06
Patrick Williams,Thaddeus Foucher,Wasserman,hoopshype,2026-06
Paul George,Aaron Mintz,Creative Artists Agency,hoopshype,2026-06
Paul Reed,Alex Saratsis,Octagon Athlete Representation,hoopshype,2026-06
Paul Reed,Ronald Shade,Octagon Athlete Representation,hoopshype,2026-06
Payton Pritchard,Austin Brown,Creative Artists Agency,hoopshype,2026-06
Payton Pritchard,Maxwell Saidman,Creative Artists Agency,hoopshype,2026-06
Payton Pritchard,Mitch Nathan,Creative Artists Agency,hoopshype,2026-06
Payton Sandfort,Ross Aroyo,Priority Sports & Entertainment,hoopshype,2026-06
Pelle Larsson,Daniel Poneman,Daniel Poneman,hoopshype,2026-06
Pete Nance,Kieran Piller,Priority Sports & Entertainment,hoopshype,2026-06
Pete Nance,Mark Bartelstein,Priority Sports & Entertainment,hoopshype,2026-06
Peyton Watson,Calvin Andrews,Klutch Sports Management,hoopshype,2026-06
Peyton Watson,Rich Paul,Klutch Sports Management,hoopshype,2026-06
PJ Hall,Matt Bollero,ProMondo Sports,hoopshype,2026-06
PJ Washington,Kevin Bradbury,REP1,hoopshype,2026-06
PJ Washington,Paul Washington,REP1,hoopshype,2026-06
Precious Achiuwa,Bernie Lee,Thread Sports Management,hoopshype,2026-06
Quentin Grimes,Austin Brown,Creative Artists Agency,hoopshype,2026-06
Quentin Grimes,Steve Heumann,Creative Artists Agency,hoopshype,2026-06
Quenton Jackson,Josh Hairston,Klutch Sports Management,hoopshype,2026-06
Quinten Post,George Roussakis,Priority Sports & Entertainment,hoopshype,2026-06
Rasheer Fleming,Lucas Newton,Klutch Sports Management,hoopshype,2026-06
Rasheer Fleming,Rich Paul,Klutch Sports Management,hoopshype,2026-06
Rayan Rupert,Bouna Ndiaye,Comsport,hoopshype,2026-06
Rayan Rupert,Jeremy Medjana,Comsport,hoopshype,2026-06
RayJ Dennis,Daniel Curtin,LAMF Sports Management,hoopshype,2026-06
Reed Sheppard,Aaron Mintz,Creative Artists Agency,hoopshype,2026-06
Reed Sheppard,Dave Spahn,Creative Artists Agency,hoopshype,2026-06
Richaun Holmes,Austin Brown,Creative Artists Agency,hoopshype,2026-06
Richaun Holmes,Maxwell Saidman,Creative Artists Agency,hoopshype,2026-06
Richaun Holmes,Rich Beda,WME Sports,hoopshype,2026-06
Ricky Rubio,Jeff Schwartz,Excel Sports Management,hoopshype,2026-06
Ricky Rubio,Sean Kennedy,Excel Sports Management,hoopshype,2026-06
RJ Barrett,Bill Duffy,WME Sports,hoopshype,2026-06
RJ Luis Jr,Sam Permut,Roc Nation Sports,hoopshype,2026-06
Rob Dillingham,Lucas Newton,Klutch Sports Management,hoopshype,2026-06
Robert Williams,Kevin Bradbury,REP1,hoopshype,2026-06
Rocco Zikarsky,Matt Bollero,ProMondo Sports,hoopshype,2026-06
Ron Harper Jr,Drew Gross,Roc Nation Sports,hoopshype,2026-06
Ron Holland,Bill Duffy,WME Sports,hoopshype,2026-06
Ron Holland,Justin Haynes,WME Sports,hoopshype,2026-06
Royce O'Neale,George Roussakis,Priority Sports & Entertainment,hoopshype,2026-06
Royce O'Neale,Mark Bartelstein,Priority Sports & Entertainment,hoopshype,2026-06
Rudy Gobert,Bouna Ndiaye,Comsport,hoopshype,2026-06
Rui Hachimura,Darren 'Mats' Matsubara,Wasserman,hoopshype,2026-06
Rui Hachimura,Jason Ranne,Wasserman,hoopshype,2026-06
Russell Westbrook,Jeff Schwartz,Excel Sports Management,hoopshype,2026-06
Ryan Dunn,Ty Sullivan,Creative Artists Agency,hoopshype,2026-06
Ryan Kalkbrenner,Mark Bartelstein,Priority Sports & Entertainment,hoopshype,2026-06
Ryan Nembhard,Jaafar Choufani,Life Sports Agency,hoopshype,2026-06
Ryan Rollins,Michael Silverman,Equity Basketball,hoopshype,2026-06
Saddiq Bey,James Dunleavy,Excel Sports Management,hoopshype,2026-06
Saddiq Bey,Jordan Gertler,Excel Sports Management,hoopshype,2026-06
Sam Hauser,Jason Glushon,Glushon Sports Management,hoopshype,2026-06
Sam Merrill,Kieran Piller,Priority Sports & Entertainment,hoopshype,2026-06
Sam Merrill,Mark Bartelstein,Priority Sports & Entertainment,hoopshype,2026-06
Sandro Mamukelashvili,George Roussakis,Priority Sports & Entertainment,hoopshype,2026-06
Sandro Mamukelashvili,Mark Bartelstein,Priority Sports & Entertainment,hoopshype,2026-06
Santiago Aldama,Aaron Mintz,Creative Artists Agency,hoopshype,2026-06
Santiago Aldama,Austin Brown,Creative Artists Agency,hoopshype,2026-06
Santiago Aldama,Maxwell Saidman,Creative Artists Agency,hoopshype,2026-06
Santiago Aldama,Steve Heumann,Creative Artists Agency,hoopshype,2026-06
Scoot Henderson,Rich Paul,Klutch Sports Management,hoopshype,2026-06
Scottie Barnes,Bill Duffy,WME Sports,hoopshype,2026-06
Scotty Pippen Jr,Bill Duffy,WME Sports,hoopshype,2026-06
Scotty Pippen Jr,Isiah Turner,WME Sports,hoopshype,2026-06
Sean Pedulla,George Langberg,GSL,hoopshype,2026-06
Seth Curry,Austin Brown,Creative Artists Agency,hoopshype,2026-06
Seth Lundy,Paolo Zamorano,Gersh Sports,hoopshype,2026-06
Shaedon Sharpe,Mike George,Klutch Sports Management,hoopshype,2026-06
Shaedon Sharpe,Shayaun Saee,Klutch Sports Management,hoopshype,2026-06
Sharife Cooper,Omar Cooper,Lifestyle Sports Agency,hoopshype,2026-06
Sidy Cissoko,Maxwell Wiepking,Gersh Sports,hoopshype,2026-06
Sidy Cissoko,Nicolas Dos Santos,Gersh Sports,hoopshype,2026-06
Simone Fontecchio,Jared Mucha,Excel Sports Management,hoopshype,2026-06
Simone Fontecchio,Jeff Schwartz,Excel Sports Management,hoopshype,2026-06
Simone Fontecchio,Sam Goldfeder,Excel Sports Management,hoopshype,2026-06
Sion James,Daniel Curtin,LAMF Sports Management,hoopshype,2026-06
Skal Labissiere,Daniel Hazan,Hazan Sports Management Group Inc,hoopshype,2026-06
Spencer Dinwiddie,Jason Glushon,Glushon Sports Management,hoopshype,2026-06
Spencer Jones,Adam Godes,ADS Sports Management,hoopshype,2026-06
Stephen Curry,Alex Saratsis,Octagon Athlete Representation,hoopshype,2026-06
Stephen Curry,Jeff Austin,Octagon Athlete Representation,hoopshype,2026-06
Stephon Castle,Joe Smith,Wasserman,hoopshype,2026-06
Stephon Castle,Thaddeus Foucher,Wasserman,hoopshype,2026-06
Steven Adams,Darren 'Mats' Matsubara,Wasserman,hoopshype,2026-06
Steven Crowl,Keith Kreiter,Edge Sports,hoopshype,2026-06
Sviatoslav Mykhailiuk,Michael Lelchitski,SIG Sports,hoopshype,2026-06
Sviatoslav Mykhailiuk,Sammy Wloszczowski,Sports International Group,hoopshype,2026-06
Taelon Peter,Sean Kennedy,Excel Sports Management,hoopshype,2026-06
Taj Gibson,Mark Bartelstein,Priority Sports & Entertainment,hoopshype,2026-06
Tari Eason,Chafie Fields,Wasserman,hoopshype,2026-06
Tari Eason,Thaddeus Foucher,Wasserman,hoopshype,2026-06
Taurean Prince,Dave Spahn,Creative Artists Agency,hoopshype,2026-06
Taurean Prince,Rich Beda,WME Sports,hoopshype,2026-06
Taurean Prince,Steve Heumann,Creative Artists Agency,hoopshype,2026-06
Taylor Hendricks,Alex Saratsis,Octagon Athlete Representation,hoopshype,2026-06
Taylor Hendricks,Chris Gaston,Octagon Athlete Representation,hoopshype,2026-06
Terance Mann,Aaron Mintz,Creative Artists Agency,hoopshype,2026-06
Terance Mann,Rich Beda,WME Sports,hoopshype,2026-06
Terrence Shannon Jr.,Ronald Shade,Octagon Athlete Representation,hoopshype,2026-06
Terry Rozier,Aaron Turner,Verus Management Team,hoopshype,2026-06
Thanasis Antetokounmpo,Alex Saratsis,Octagon Athlete Representation,hoopshype,2026-06
Thomas Bryant,Mark Bartelstein,Priority Sports & Entertainment,hoopshype,2026-06
Thomas Bryant,Zach Kurtin,Priority Sports & Entertainment,hoopshype,2026-06
Tidjane Salaun,Jeremy Medjana,Comsport,hoopshype,2026-06
Tim Hardaway Jr,Mark Bartelstein,Priority Sports & Entertainment,hoopshype,2026-06
Tim Hardaway Jr,Zach Kurtin,Priority Sports & Entertainment,hoopshype,2026-06
TJ McConnell,Andy Shiffman,Priority Sports & Entertainment,hoopshype,2026-06
TJ McConnell,Mark Bartelstein,Priority Sports & Entertainment,hoopshype,2026-06
Tobias Harris,Torrel Harris,Unique Sports Management International,hoopshype,2026-06
Toby Okani,Cam Brennick,RBA Sports,hoopshype,2026-06
Tony Bradley,Bobby Petriella,Rosenhaus Sports,hoopshype,2026-06
Tosan Evbuomwan,George Langberg,GSL,hoopshype,2026-06
Toumani Camara,David Putterie,Up Tempo Management,hoopshype,2026-06
Trae Young,Aaron Mintz,Creative Artists Agency,hoopshype,2026-06
Trae Young,Andrew Morrison,Creative Artists Agency,hoopshype,2026-06
Trae Young,Austin Brown,Creative Artists Agency,hoopshype,2026-06
Trayce Jackson-Davis,James Dunleavy,Excel Sports Management,hoopshype,2026-06
Trayce Jackson-Davis,Max Lipsett,Excel Sports Management,hoopshype,2026-06
Tre Johnson,Bill Duffy,WME Sports,hoopshype,2026-06
Tre Johnson,Justin Haynes,WME Sports,hoopshype,2026-06
Tre Jones,Austin Brown,Creative Artists Agency,hoopshype,2026-06
Tre Jones,Maxwell Saidman,Creative Artists Agency,hoopshype,2026-06
Tre Mann,Daniel Hazan,Hazan Sports Management Group Inc,hoopshype,2026-06
Tre Scott,Deirunas Visockas,Gersh Sports,hoopshype,2026-06
Trendon Watford,Joe Smith,Wasserman,hoopshype,2026-06
Trendon Watford,Thaddeus Foucher,Wasserman,hoopshype,2026-06
Trevor Keels,Mike Kneisley,Imperative Sports Consultants,hoopshype,2026-06
Trey Alexander,Aaron Klevan,Wasserman,hoopshype,2026-06
Trey Murphy,Sean Kennedy,Excel Sports Management,hoopshype,2026-06
Tristan da Silva,Anthony Coleman,Excel Sports Management,hoopshype,2026-06
Tristan da Silva,Sean Kennedy,Excel Sports Management,hoopshype,2026-06
Tristan Vukcevic,Jason Ranne,Wasserman,hoopshype,2026-06
Tristen Newton,Aaron Turner,Verus Management Team,hoopshype,2026-06
Ty Jerome,Javon Phillips,Excel Sports Management,hoopshype,2026-06
Tyler Burton,Daniel Curtin,LAMF Sports Management,hoopshype,2026-06
Tyler Herro,Jeff Schwartz,Excel Sports Management,hoopshype,2026-06
Tyler Herro,Mike Lindeman,Excel Sports Management,hoopshype,2026-06
Tyler Kolek,George Roussakis,Priority Sports & Entertainment,hoopshype,2026-06
Tyler Kolek,Mark Bartelstein,Priority Sports & Entertainment,hoopshype,2026-06
Tyler Smith,Bill Duffy,WME Sports,hoopshype,2026-06
Tyrese Haliburton,Aaron Mintz,Creative Artists Agency,hoopshype,2026-06
Tyrese Haliburton,Dave Spahn,Creative Artists Agency,hoopshype,2026-06
Tyrese Martin,Nick Blatchford,UNLTD Sports Group,hoopshype,2026-06
Tyrese Maxey,Rich Paul,Klutch Sports Management,hoopshype,2026-06
Tyrese Proctor,Austin Brown,Creative Artists Agency,hoopshype,2026-06
Tyrese Proctor,Maxwell Saidman,Creative Artists Agency,hoopshype,2026-06
Tyrese Proctor,Steve Heumann,Creative Artists Agency,hoopshype,2026-06
Tyson Etienne,Drew Gross,Roc Nation Sports,hoopshype,2026-06
TyTy Washington,Kevin Bradbury,REP1,hoopshype,2026-06
Tyus Jones,Kevin Bradbury,REP1,hoopshype,2026-06
Vasilije Micic,Jason Ranne,Wasserman,hoopshype,2026-06
Victor Wembanyama,Bouna Ndiaye,Comsport,hoopshype,2026-06
Vince Williams Jr,Mike Kneisley,Imperative Sports Consultants,hoopshype,2026-06
Vince Williams Jr,Odell Witherspoon III,Imperative Sports Consultants,hoopshype,2026-06
VJ Edgecombe,Jason Ranne,Wasserman,hoopshype,2026-06
VJ Edgecombe,Joe Smith,Wasserman,hoopshype,2026-06
VJ Edgecombe,Thaddeus Foucher,Wasserman,hoopshype,2026-06
Vladislav Goldin,Rich Paul,Klutch Sports Management,hoopshype,2026-06
Vladislav Goldin,Shayaun Saee,Klutch Sports Management,hoopshype,2026-06
Walker Kessler,Aaron Mintz,Creative Artists Agency,hoopshype,2026-06
Walker Kessler,Dave Spahn,Creative Artists Agency,hoopshype,2026-06
Walter Clayton Jr,Calvin Andrews,Klutch Sports Management,hoopshype,2026-06
Walter Clayton Jr,Rich Paul,Klutch Sports Management,hoopshype,2026-06
Wendell Carter,Mike Miller,Lift Sports Management,hoopshype,2026-06
Wendell Moore,Greg Lawrence,Wasserman,hoopshype,2026-06
Will Richard,Jared Mucha,Excel Sports Management,hoopshype,2026-06
Will Riley,Josh Hairston,Klutch Sports Management,hoopshype,2026-06
Will Riley,Mike George,Klutch Sports Management,hoopshype,2026-06
Will Riley,Rich Paul,Klutch Sports Management,hoopshype,2026-06
Xavier Tillman,Andy Shiffman,Priority Sports & Entertainment,hoopshype,2026-06
Xavier Tillman,Mark Bartelstein,Priority Sports & Entertainment,hoopshype,2026-06
Xavier Tillman,Zach Kurtin,Priority Sports & Entertainment,hoopshype,2026-06
Yanic Niederhauser,Jared Mucha,Excel Sports Management,hoopshype,2026-06
Yanic Niederhauser,Javon Phillips,Excel Sports Management,hoopshype,2026-06
Yuki Kawamura,Thaddeus Foucher,Wasserman,hoopshype,2026-06
Yves Missi,Jelani Floyd,Wasserman,hoopshype,2026-06
Yves Missi,Joe Smith,Wasserman,hoopshype,2026-06
Zaccharie Risacher,Doug Neustadt,The Neustadt Group,hoopshype,2026-06
Zach Collins,Kieran Piller,Priority Sports & Entertainment,hoopshype,2026-06
Zach Collins,Mark Bartelstein,Priority Sports & Entertainment,hoopshype,2026-06
Zach Edey,Kyle McAlarney,Priority Sports & Entertainment,hoopshype,2026-06
Zach Edey,Mark Bartelstein,Priority Sports & Entertainment,hoopshype,2026-06
Zach LaVine,Rich Paul,Klutch Sports Management,hoopshype,2026-06
Zeke Nnaji,Adam Pensack,Pensack Sports Management,hoopshype,2026-06
Ziaire Williams,Aaron Mintz,Creative Artists Agency,hoopshype,2026-06
Zion Williamson,Bill Duffy,WME Sports,hoopshype,2026-06
Zyon Pullin,Kieran Piller,Priority Sports & Entertainment,hoopshype,2026-06
