name,positions
A.J. Lawson,SG/SF
AJ Green,SF/PF
AJ Johnson,SG/SF
Aaron Gordon,PF/C
Aaron Holiday,PG/SG
Aaron Nesmith,SG/SF
Aaron Wiggins,SF/PF
Ace Bailey,SG/SF
Ajay Mitchell,PG/SG
Al Horford,PF/C
Alec Burks,PG/SG
Alex Caruso,PG/SF
Alexandre Sarr,PF/C
Alperen Sengun,PF/C
Amen Thompson,PG/SG
Amir Coffey,SG/SF
Andre Drummond,C
Andre Jackson Jr.,SG/SF
Andrew Nembhard,PG/SG
Andrew Wiggins,SF/PF
Anfernee Simons,PG/SG
Anthony Black,PG/SG
Anthony Davis,PF/C
Anthony Edwards,SG/SF
Anthony Gill,PF/C
Asa Newell,PF/C
Ausar Thompson,SF/PF
Austin Reaves,SG/SF
Ayo Dosunmu,PG/SG
Bam Adebayo,PF/C
Baylor Scheierman,SG/SF
Ben Saraf,PG/SG
Ben Sheppard,SG/SF
Ben Simmons,PG/C
Bilal Coulibaly,SG/SF
Blake Hinson,SF/PF
Blake Wesley,PG/SG
Bobby Portis Jr.,PF/C
Bogdan Bogdanovic,SG/SF
Bojan Bogdanovic,SF/PF
Bones Hyland,PG/SG
Bradley Beal,SG/SF
Branden Carlson,C
Brandin Podziemski,PG/SG
Brandon Boston Jr.,SG/SF
Brandon Clarke,PF/C
Brandon Ingram,SF/PF
Brandon Miller,SG/SF
Brandon Williams,PG/SG
Brice Sensabaugh,SG/SF
Brook Lopez,C
Bruce Brown,PG/SG
Bryce McGowens,PG/SG
Bub Carrington,PG/SG
Buddy Hield,SG/SF
C.J. McCollum,PG/SG
Cade Cunningham,PG/SG
Caleb Houstan,SG/SF
Caleb Love,PG/SG
Caleb Martin,SF/PF
Cam Reddish,SG/SF
Cam Spencer,PG/SG
Cam Thomas,SG/SF
Cam Whitmore,SF/PF
Cameron Johnson,SG/SF
Cameron Payne,PG
Caris LeVert,SG/SF
Carter Bryant,SF/PF
Cason Wallace,PG/SG
Cedric Coward,SG/SF
Chaney Johnson,SF/PF
Chet Holmgren,PF/C
Chris Boucher,PF/C
Chris Paul,PG
Christian Braun,SG/SF
Christian Koloko,C
Christian Wood,PF/C
Clint Capela,C
Coby White,PG/SG
Cody Martin,SG/SF
Cody Williams,SG/SF
Colby Jones,SG/SF
Cole Anthony,PG/SG
Collin Gillespie,PG
Collin Murray-Boyles,PF/C
Collin Sexton,PG/SG
Cooper Flagg,PG/SF
Corey Kispert,SF/PF
Cormac Ryan,SG/SF
Craig Porter Jr.,PG
DaQuan Jeffries,SG/SF
DaRon Holmes II,PF/C
Daeqwon Plowden,SG/SF
Dalano Banton,PG/SG
Dalen Terry,SG/SF
Dalton Knecht,SG/SF
Damian Lillard,PG
Damion Lee,SG/SF
Daniel Gafford,C
Daniss Jenkins,PG/SG
Dante Exum,SG/SF
Dario Saric,PF/C
Dariq Whitehead,SG/SF
Darius Garland,PG/SG
Davion Mitchell,PG/SG
Day’Ron Sharpe,C
DeAndre Jordan,C
DeMar DeRozan,SF/PF
Dean Wade,SF/PF
Deandre Ayton,C
Dejounte Murray,PG/SG
Delon Wright,PG/SG
Deni Avdija,PG/SF
Dennis Schroder,PG/SG
Dereck Lively II,C
Derik Queen,PF/C
Derrick Jones Jr.,PF/C
Derrick White,PG/SG
Desmond Bane,SG/SF
Devin Booker,PG/SG
Devin Carter,PG/SG
Devin Vassell,SG/SF
De’Aaron Fox,PG/SG
De’Andre Hunter,SF/PF
De’Anthony Melton,PG/SG
Dillon Brooks,SF/PF
Domantas Sabonis,C
Dominick Barlow,PF/C
Donovan Clingan,C
Donovan Mitchell,PG/SG
Donte DiVincenzo,PG/SG
Dorian Finney-Smith,SF/PF
Drake Powell,SG/SF
Draymond Green,PF/C
Drew Eubanks,C
Dru Smith,PG/SG
Duncan Robinson,SG/SF
Dwight Powell,C
Dylan Cardwell,C
Dylan Harper,PG/SG
Dyson Daniels,PG/SG
D’Angelo Russell,PG/SG
Egor Demin,PG/SG
Elijah Harkless,SG/SF
Ethan Thompson,SG/SF
Evan Mobley,PF/C
Franz Wagner,SF/PF
Fred VanVleet,PG
GG Jackson,SF/PF
Gabe Vincent,PG/SG
Garrison Mathews,SG/SF
Gary Harris,SG/SF
Gary Payton II,SF/PF
Gary Trent Jr.,SG/SF
Georges Niang,PF
Giannis Antetokounmpo,PF/C
Goga Bitadze,C
Gradey Dick,SG/SF
Grant Williams,PF/C
Grayson Allen,SG/SF
Guerschon Yabusele,PF/C
Gui Santos,SF/PF
Harrison Barnes,SF/PF
Haywood Highsmith,SF/PF
Herbert Jones,SF/PF
Hugo Gonzalez,PG/SF
Immanuel Quickley,PG/SG
Isaac Jones,PF/C
Isaac Okoro,SG/SF
Isaiah Collier,PG/SG
Isaiah Hartenstein,C
Isaiah Jackson,PF/C
Isaiah Joe,PG/SG
Isaiah Livers,SF/PF
Isaiah Stewart,PF/C
Ivica Zubac,C
Ja Morant,PG/SG
Jabari Smith Jr.,SF/PF
Jabari Walker,SF/PF
Jaden Hardy,PG/SG
Jaden Ivey,PG/SG
Jaden McDaniels,SF/PF
Jae Crowder,SF/PF
Jae’Sean Tate,SF/PF
Jahmai Mashack,SG/SF
Jaime Jaquez Jr.,SF/PF
Jake LaRavia,SG/SF
Jakob Poeltl,C
Jalen Brunson,PG
Jalen Duren,C
Jalen Green,PG/SG
Jalen Johnson,SF/PF
Jalen McDaniels,SF/PF
Jalen Pickett,PG/SG
Jalen Slawson,SF/PF
Jalen Smith,PF/C
Jalen Suggs,PG/SG
Jalen Williams,SF/PF
Jalen Wilson,SF/PF
Jamal Cain,SF/PF
Jamal Murray,PG/SG
Jamal Shead,PG/SG
Jamaree Bouyea,PG/SG
James Harden,PG/SG
James Wiseman,C
Jamir Watkins,SG/SF
Jamison Battle,SF/PF
Jarace Walker,SF/PF
Jared McCain,PG/SG
Jaren Jackson Jr.,PF/C
Jarred Vanderbilt,PF/C
Jarrett Allen,C
Jase Richardson,PG/SG
Javon Small,PG/SG
Javonte Green,SG/SF
Jaxson Hayes,PF/C
Jay Huff,C
Jaylen Brown,SF/PF
Jaylen Clark,SG/SF
Jaylen Wells,SG/SF
Jaylin Williams,C
Jaylon Tyson,SF/PF
Jayson Tatum,SF/PF
Ja’Kobe Walter,SG/SF
Jeff Green,PF/C
Jerami Grant,SF/PF
Jeremiah Fears,PG/SG
Jeremiah Robinson-Earl,PF/C
Jericho Sims,C
Jett Howard,SG/SF
Jevon Carter,PG/SG
Jimmy Butler,SF/PF
Joan Beringer,C
Jock Landale,C
Joe Ingles,SF/PF
Joel Embiid,C
John Collins,PF/C
John Konchar,SF/PF
Johnny Furphy,SG/SF
Johnny Juzang,SG/SF
Jonas Valanciunas,C
Jonathan Isaac,PF/C
Jonathan Kuminga,SF/PF
Jonathan Mogbo,PF/C
Jordan Goodwin,SG/SF
Jordan Hawkins,PG/SG
Jordan Miller,SG/SF
Jordan Poole,PG/SG
Jordan Walsh,SF/PF
Jose Alvarado,PG/SG
Josh Giddey,PG/SG
Josh Green,SG/SF
Josh Hart,SF/PF
Josh Okogie,SG/SF
Jrue Holiday,PG/SG
Julian Champagnie,SF/PF
Julian Phillips,SF/PF
Julian Reese,PF/C
Julius Randle,PF/C
Justin Champagnie,SF/PF
Justin Edwards,SF/PF
Jusuf Nurkic,C
KJ Simpson,PG
Kam Jones,PG/SG
Karl-Anthony Towns,PF/C
Karlo Matkovic,PF/C
Kasparas Jakucionis,PG/SG
Kawhi Leonard,SF/PF
Keegan Murray,SF/PF
Keldon Johnson,SG/SF
Kelly Olynyk,PF/C
Kelly Oubre Jr.,SF/PF
Kel’el Ware,PF/C
Kenrich Williams,PF/C
Kentavious Caldwell-Pope,SG/SF
Kenyon Martin Jr.,SF/PF
Keon Ellis,SG/SF
Keon Johnson,PG/SG
Keshad Johnson,SF/PF
Kevin Durant,SG/SF
Kevin Huerter,SG/SF
Kevin Love,PF/C
Kevin Porter Jr.,PG/SG
Kevon Looney,C
Keyonte George,PG/SG
Khaman Maluach,C
Khris Middleton,SF/PF
Klay Thompson,SG/SF
Kobe Brown,SF/PF
Kobe Sanders,PG/SF
Kon Knueppel,SG/SF
Kris Dunn,PG/SG
Kris Murray,SF/PF
Kristaps Porzingis,PF/C
KyShawn George,SF/PF
Kyle Filipowski,PF/C
Kyle Kuzma,SF/PF
Kyle Lowry,PG/SG
Kyrie Irving,PG/SG
LJ Cryer,PG
LaMelo Ball,PG/SG
Landry Shamet,SG/SF
Larry Nance Jr.,PF/C
Lauri Markkanen,SF/PF
LeBron James,SF/PF
Leaky Black,SF/PF
Leonard Miller,SF/PF
Liam McNeeley,SG/SF
Lindy Waters III,SG/SF
Lonzo Ball,PG/SG
Luka Doncic,PG/SG
Luke Kennard,PG/SG
Luke Kornet,C
Malaki Branham,PG/SG
Malcolm Brogdon,PG/SG
Malik Beasley,SG/SF
Malik Monk,PG/SG
Marcus Sasser,PG/SG
Marcus Smart,SG/SF
Mark Williams,C
Marvin Bagley III,PF/C
Mason Plumlee,C
Max Christie,SG/SF
Max Strus,SG/SF
Maxi Kleber,PF/C
Maxime Raynaud,C
Micah Peavy,SG/SF
Micah Potter,PF/C
Michael Porter Jr.,SF/PF
Mikal Bridges,SG/SF
Mike Conley,PG
Miles Bridges,SF/PF
Miles McBride,PG/SG
Mitchell Robinson,C
Mohamed Diawara,SF/PF
Moritz Wagner,PF/C
Moses Moody,SG/SF
Mouhamed Gueye,PF/C
Moussa Cisse,C
Moussa Diabate,PF/C
Myles Turner,C
Myron Gardner,SG/SF
Nae’Qwan Tomlin,PF/C
Naji Marshall,SF/PF
Nate Williams,SG/SF
Naz Reid,PF/C
Neemias Queta,C
Nick Richards,C
Nick Smith Jr.,PG/SG
Nickeil Alexander-Walker,PG/SG
Nicolas Batum,SF/PF
Nigel Hayes-Davis,SF/PF
Nikola Jokic,C
Nikola Jovic,PF/C
Nikola Topic,PG/SG
Nikola Vucevic,C
Nique Clifford,SF/PF
Noa Essengue,SF/PF
Noah Clowney,PF/C
Noah Penda,SF/PF
Nolan Traore,PG/SG
Norman Powell,SG/SF
OG Anunoby,SF/PF
Obi Toppin,PF/C
Ochai Agbaji,SF/PF
Olivier-Maxence Prosper,PF/C
Onyeka Okongwu,C
Oscar Tshiebwe,PF/C
Oso Ighodaro,PF/C
Ousmane Dieng,PF/C
P.J. Washington,SF/PF
Paolo Banchero,SF/PF
Pascal Siakam,PF/C
Pat Connaughton,SG/SF
Pat Spencer,PG/SG
Patrick Baldwin Jr.,SF/PF
Patrick Williams,SF/PF
Paul George,SF/PF
Paul Reed,PF/C
Payton Pritchard,PG
Pelle Larsson,SG/SF
Pete Nance,PF/C
Peyton Watson,SF/PF
Precious Achiuwa,PF/C
Quentin Grimes,SG/SF
Quenton Jackson,PG/SG
Quinten Post,C
R.J. Barrett,SG/SF
Rasheer Fleming,PF/C
Rayan Rupert,SG/SF
Reed Sheppard,PG/SG
Reggie Jackson,PG/SG
Richaun Holmes,C
Ricky Council IV,SG/SF
Rob Dillingham,PG/SG
Robert Williams III,PF/C
Ron Holland,SF/PF
Royce O’Neale,SF/PF
Rudy Gobert,C
Rui Hachimura,SF/PF
Russell Westbrook,PG/SG
Ryan Dunn,SF/PF
Ryan Kalkbrenner,C
Ryan Nembhard,PG
Ryan Rollins,PG/SG
Saddiq Bey,SF/PF
Sam Hauser,SF/PF
Sam Merrill,SG/SF
Santi Aldama,SF/PF
Scoot Henderson,PG/SG
Scottie Barnes,PG/PF
Scotty Pippen Jr.,PG/SG
Seth Curry,PG/SG
Shaedon Sharpe,PG/SG
Shai Gilgeous-Alexander,PG/SG
Shake Milton,PG/SG
Sharife Cooper,PG
Sidy Cissoko,SG/SF
Simone Fontecchio,SF/PF
Sion James,SG/SF
Spencer Dinwiddie,PG/SG
Spencer Jones,SF/PF
Stephen Curry,PG/SG
Stephon Castle,PG/SG
Steven Adams,C
Svi Mykhailiuk,SG/SF
T.J. McConnell,PG
Taelon Peter,PG/SG
Talen Horton-Tucker,SG/SF
Tari Eason,SG/SF
Taurean Prince,SG/SF
Taylor Hendricks,SF/PF
Terance Mann,SG/SF
Terrence Shannon Jr.,SF/PF
Terry Rozier III,PG/SG
Thomas Bryant,C
Tidjane Salaun,SF/PF
Tim Hardaway Jr.,SG/SF
Tobias Harris,SF/PF
Tony Bradley,C
Torrey Craig,PF/C
Toumani Camara,SF/PF
Trae Young,PG
Trayce Jackson-Davis,PF/C
Tre Johnson,SG/SF
Tre Jones,PG
Tre Mann,PG/SG
Trendon Watford,PG/PF
Trey Lyles,PF/C
Trey Murphy III,SG/SF
Tristan Vukcevic,PF/C
Ty Jerome,PG/SG
Tyler Herro,PG/SG
Tyler Kolek,PG/SG
Tyrese Haliburton,PG/SG
Tyrese Martin,PG/SG
Tyrese Maxey,PG/SG
Tyrese Proctor,PG/SG
Tyson Etienne,PG/SG
Tyus Jones,PG
VJ Edgecombe,PG/SG
Victor Wembanyama,PF/C
Vince Williams Jr.,PG/SF
Vit Krejci,PG/SF
Vlatko Cancar,SF/PF
Walker Kessler,C
Walter Clayton Jr.,PG/SG
Wendell Carter Jr.,PF/C
Will Richard,SG/SF
Will Riley,SG/SF
Yanic Konan Niederhauser,PF/C
Zaccharie Risacher,SG/SF
Zach Collins,C
Zach Edey,C
Zach LaVine,SG/SF
Zeke Nnaji,PF/C
Ziaire Williams,SG/SF
Zion Williamson,PG/PF
